CustomerID,CustomerName,Gender,Age,Mobile Number,Annual Income (k$),Spending Score (1-100)
1,Sundhar S G,Male,19,8870293265,15,39
2,Harish P,Male,21,9497582364,15,81
3,Akhila,Female,20,9597834155,16,6
4,Priya,Female,23,6358942716,16,77
5,Hema,Female,31,7330285486,17,40
6,Nisha,Female,22,6985231475,17,76
7,Bhanu,Female,35,7500265753,18,6
8,Divya,Female,23,8965741256,18,94
9,Vijay,Male,64,7880254937,19,3
10,Saranya,Female,30,9994717913,19,72
11,Kishore K,Male,67,7824269452,19,14
12,Indhu,Female,35,9588364123,19,99
13,Samrutha,Female,58,9752364272,20,15
14,Anushya,Female,24,7334656245,20,77
15,Abinesh,Male,37,9885642723,20,13
16,Arun,Male,22,7456923156,20,79
17,Samyuktha,Female,35,8963236135,21,35
18,Bharani,Male,20,8546103245,21,66
19,Deepak,Male,52,7562886436,23,29
20,Ramya,Female,35,9642847036,23,98
21,Aakash,Male,35,8761563326,24,35
22,Akhil,Male,25,7845614583,24,73
23,Hema,Female,46,8321567637,25,5
24,Murali,Male,31,7625863647,25,73
25,Asha,Female,54,9826475385,28,14
26,Ashwin,Male,29,8355463762,28,82
27,Karpagam,Female,45,8870528095,28,32
28,Pranesh,Male,35,7651354952,28,61
29,Akhilandeswari,Female,40,9853516347,29,31
30,Vijaya,Female,23,8965320141,29,87
31,Ramesh,Male,60,7652468451,30,4
32,Radha,Female,21,6348812485,30,73
33,Ganesh,Male,53,8963756813,33,4
34,Eshwaran,Male,18,9413474486,33,92
35,Dharsha,Female,49,8946435538,33,14
36,Pavithra,Female,21,9976415593,33,81
37,Dharani,Female,42,6387338684,34,17
38,Chitra,Female,30,6546613476,34,73
39,Lakshmi,Female,36,9843756465,37,26
40,Disha,Female,20,8695313342,37,75
41,Gomathi,Female,65,8453647543,38,35
42,Sownder,Male,24,9663645356,38,92
43,Viswanathan,Male,48,6894666585,39,36
44,Gayathri,Female,31,9653558753,39,61
45,Mohana,Female,49,8794354834,39,28
46,Farina,Female,24,8636853586,39,65
47,Gowthami,Female,50,7892374345,40,55
48,Rekha,Female,27,8525874547,40,47
49,Isha,Female,29,9564653865,40,42
50,Radhika,Female,31,8487946535,40,42
51,Swathi,Female,49,9864536332,42,52
52,Vimal,Male,33,9835437235,42,60
53,Sneha,Female,31,8985262355,43,54
54,Sundharam,Male,59,9575623546,43,60
55,Anagha,Female,50,8954635538,43,45
56,Subramaniam,Male,47,9873845634,43,41
57,Eshwari,Female,51,9863665475,44,50
58,Rangaraj,Male,69,6864536566,44,46
59,Akhila,Female,27,7653546233,46,51
60,Gopal,Male,53,9565314543,46,46
61,Muthuraj,Male,70,8945156245,46,56
62,Rohith,Male,19,9874656454,46,55
63,Thendral,Female,67,7854216857,47,52
64,Kamatchi,Female,54,9874561566,47,59
65,Ilayaraja,Male,63,8645574524,48,51
66,Vasanth,Male,18,8654842425,48,59
67,Farina,Female,43,6386485422,48,50
68,Gomathi,Female,68,9796786572,48,48
69,Karthi,Male,19,9654648563,48,59
70,Rekha,Female,32,6676543853,48,47
71,Duraipandi,Male,70,6936786543,49,55
72,Meenatchi,Female,47,8335648835,49,42
73,Subbulakshmi,Female,60,9646647635,50,49
74,Indhira,Female,60,9767453645,50,56
75,Baskar,Male,59,9353475232,54,47
76,Rakesh,Male,26,9874515253,54,54
77,Geetha,Female,45,7654658345,54,53
78,Vinoth,Male,40,8988683663,54,48
79,Ramya,Female,23,9825453223,54,52
80,Kanaka,Female,49,9364752422,54,42
81,Naatu Durai,Male,57,9867453535,54,51
82,Shankar,Male,38,9500059924,54,55
83,Anand,Male,67,9769584252,54,41
84,Selvi,Female,46,8486453456,54,44
85,Rithika,Female,21,9845225345,54,57
86,Ranveer,Male,48,7568464534,54,46
87,Soundarya,Female,55,9845525652,57,58
88,Divya,Female,22,6363573535,57,55
89,Srinithi,Female,34,8646553324,58,60
90,Sonam Kapoor,Female,50,9784472545,58,46
91,Rekha,Female,68,7548683153,59,55
92,Dhanush,Male,18,9854648752,59,41
93,Ajith,Male,48,9843448555,60,49
94,Simran,Female,40,7868354335,60,40
95,Farina,Female,32,7564845664,60,42
96,Sundhar,Male,24,8789645585,60,52
97,Vrushali,Female,47,7843555567,60,47
98,Draupathi,Female,27,9357643586,60,50
99,Krishna,Male,48,9878985464,61,42
100,Arjun,Male,20,7985643572,61,49
101,Sikandini,Female,23,7854557254,62,41
102,Krithika,Female,49,8355134566,62,48
103,Shaheer,Male,67,9335656735,62,59
104,Harish,Male,26,9497865461,62,55
105,Saravanan,Male,49,8764553563,62,56
106,Akhila,Female,21,6848934618,62,42
107,Raakamma,Female,66,7854678456,63,50
108,Thangaraj,Male,54,9784387334,63,46
109,Duraisaamy,Male,68,8541989664,63,43
110,Azhar Khan,Male,66,7646565485,63,48
111,Ramasaamy,Male,65,9645384254,63,52
112,Haashini,Female,19,8754453876,63,54
113,Latha,Female,38,7669873465,64,42
114,Jayakkavin,Male,19,8415515378,64,46
115,Saranya,Female,18,8979455354,65,48
116,Swetha,Female,19,9335848565,65,50
117,Lakshmi,Female,63,9837564826,65,43
118,Priyanka,Female,49,9878432575,65,59
119,Raashi,Female,51,7578566853,67,43
120,Sonakshi,Female,50,8566487864,67,57
121,Ramesh,Male,27,9872346324,67,56
122,Swathi,Female,38,7568649865,67,40
123,Akshaya,Female,40,8654168795,69,58
124,Murali,Male,39,6896487574,69,91
125,Akhila,Female,23,9789431554,70,29
126,Suganthi,Female,31,7654856455,70,77
127,Poovarasan,Male,43,8976454825,71,35
128,Fahadh Faazil,Male,40,8648541655,71,95
129,Rajini,Male,59,9878534551,71,11
130,Kalaiselvam,Male,38,8978387875,71,75
131,Pugazhendhi,Male,47,8746533378,71,9
132,Rajendran,Male,39,9783245341,71,75
133,Kanimozhi,Female,25,9786548300,72,34
134,Nisha,Female,31,8534152347,72,71
135,Sudhakar,Male,20,9879456237,73,5
136,Dharshini,Female,29,8743547352,73,88
137,Gayathri,Female,44,9785467544,73,7
138,Krishna,Male,32,8742465343,73,73
139,Gokul,Male,19,9785126534,74,10
140,Priya,Female,35,8712534741,74,72
141,Gowthami,Female,57,7565432535,75,5
142,Vijay,Male,32,8545421547,75,93
143,Vino,Female,28,8754335354,76,40
144,Chitra,Female,32,9974653542,76,87
145,Harish,Male,25,7854374355,77,12
146,Prasath,Male,28,8754433214,77,97
147,Prasanna,Male,48,8898654212,77,36
148,Divya,Female,32,9875532156,77,74
149,Harini,Female,34,8765135473,78,22
150,Poorna Chandran,Male,34,9886742357,78,90
151,Shankar,Male,43,8742354232,78,17
152,Azharuddhin,Male,39,9653244525,78,88
153,Lakshmi,Female,44,8765545365,78,20
154,Thendral,Female,38,7423534535,78,76
155,Deepa,Female,47,8732245552,78,16
156,Amritha,Female,27,8867864526,78,89
157,Tamilarasan,Male,37,6998656342,78,1
158,Ramya,Female,30,8254623873,78,78
159,Rajesh,Male,34,9344574651,78,1
160,Priya,Female,30,6678897663,78,73
161,Gomathi,Female,56,9865447653,79,35
162,Ezhilarashi,Female,29,6787654635,79,83
163,Lokesh,Male,19,8358468643,81,5
164,Divya,Female,31,8756563242,81,93
165,Rangaraj,Male,50,8256745353,85,26
166,Priyanka,Female,36,6978653466,85,75
167,Thangaraj,Male,42,9536843886,86,20
168,Kala,Female,33,9587434561,86,95
169,Latha,Female,36,8745355354,87,27
170,Arun,Male,32,8324533554,87,63
171,Sanjay,Male,40,6987335452,87,13
172,Jeeva,Male,28,9523723412,87,75
173,Lakshmikanth,Male,36,8534532353,87,10
174,Thangaraj,Male,36,6386678925,87,92
175,Gowri,Female,52,9637652523,88,13
176,Anushya,Female,30,8534796512,88,86
177,Rangaraj,Male,58,9785365352,88,15
178,Eshwaran,Male,27,8531420472,88,69
179,Poovarasan,Male,59,8437512553,93,14
180,Sundhar,Male,35,9547622301,93,90
181,Divya,Female,37,7435866412,97,32
182,Shanthi,Female,32,8335721630,97,86
183,Santhosh,Male,46,8389783536,98,15
184,Ramya ,Female,29,9846543422,98,88
185,Sankari,Female,41,8235668720,99,39
186,Alagenthran,Male,30,9478253312,99,97
187,Gowthami,Female,54,7422636642,101,24
188,Ramesh,Male,28,6765982324,101,68
189,Latha,Female,41,8524653354,103,17
190,Dhanshika,Female,36,7456653233,103,85
191,Rekha,Female,34,8305545350,103,23
192,Deepika,Female,32,6248797760,103,69
193,Lokesh,Male,33,8648634435,113,8
194,Mehreen,Female,38,9543253871,113,91
195,Seetha,Female,47,6874565435,120,16
196,Gowri,Female,35,9554132443,120,79
197,Akshaya,Female,45,8499256736,126,28
198,Shankar,Male,32,9548674120,126,74
199,Wazim Nazar,Male,32,8669845675,137,18
200,Surya,Male,30,9754132320,137,83
